model,mos_score
Bark TTS,0.14460368144210364
VITS Demo,0.17288051721975856
Piper TTS,0.20277852085043582
FastSpeech2,0.2173657054644195
Silero TTS,0.24224395344569286
